{
    "name": "Xilinx GEQRF",
    "description": "QR factorization of general matrix",
    "flow": "vitis",
    "platform_allowlist": [
        "u50",
        "u250",
        "u200",
        "aws-vu9p-f1",
        "vck190"
    ],
    "platform_blocklist": [
        "zc"
    ],
    "platform_properties": {
        "u250": {
            "host": {
                "compiler": {
                    "symbols": [
                        "USE_DDR"
                    ]
                }
            },
            "v++": {
                "compiler": {
                    "clflags": [
                        "--config PROJECT/conn_u250.cfg"
                    ]
                }
            }
        },
        "u200": {
            "host": {
                "compiler": {
                    "symbols": [
                        "USE_DDR"
                    ]
                }
            },
            "v++": {
                "compiler": {
                    "clflags": [
                        "--config PROJECT/conn_u200.cfg"
                    ]
                }
            }
        },
        "u50": {
            "host": {
                "compiler": {
                    "symbols": [
                        "USE_HBM"
                    ]
                }
            },
            "v++": {
                "compiler": {
                    "clflags": [
                        "--config PROJECT/config/conn_u50.cfg"
                    ]
                }
            }
        },
        "vck190": {}
    },
    "launch": [
        {
            "cmd_args": " -xclbin BUILD/Top_Kernel.xclbin",
            "name": "generic launch for all flows"
        }
    ],
    "host": {
        "host_exe": "host.exe",
        "compiler": {
            "sources": [
                "host.cpp",
                "LIB_DIR/ext/xcl2/xcl2.cpp"
            ],
            "includepaths": [
                "LIB_DIR/ext/xcl2",
                "LIB_DIR/ext/MatrixGen",
                "LIB_DIR/../utils/L1/include"
            ],
            "options": "-O3 "
        }
    },
    "v++": {
        "compiler": {
            "includepaths": [
                "LIB_DIR/L2/include",
                "LIB_DIR/ext"
            ]
        }
    },
    "containers": [
        {
            "accelerators": [
                {
                    "location": "myKernel/Top_Kernel.cpp",
                    "frequency": 300.0,
                    "clflags": " -D KERNEL_NAME=Top_Kernel",
                    "name": "Top_Kernel",
                    "num_compute_units": 1,
                    "compute_units": [
                        {
                            "name": "Top_Kernel_1",
                            "slr": "SLR0",
                            "arguments": [
                                {
                                    "name": "matrixA",
                                    "memory": "HBM[0]"
                                },
                                {
                                    "name": "Vs",
                                    "memory": "HBM[1]"
                                },
                                {
                                    "name": "matrixR",
                                    "memory": "HBM[2]"
                                }
                            ]
                        }
                    ]
                }
            ],
            "frequency": 300.0,
            "name": "Top_Kernel"
        }
    ],
    "testinfo": {
        "disable": false,
        "jobs": [
            {
                "index": 0,
                "dependency": [],
                "env": "",
                "cmd": "",
                "max_memory_MB": {
                    "vitis_hw_build": 40960,
                    "vitis_hw_emu": 28672,
                    "vitis_sw_emu": 10240,
                    "vitis_hw_run": 10240
                },
                "max_time_min": {
                    "vitis_hw_build": 470,
                    "vitis_hw_emu": 120,
                    "vitis_sw_emu": 60,
                    "vitis_hw_run": 10
                }
            }
        ],
        "targets": [
            "vitis_sw_emu",
            "vitis_hw_emu",
            "vitis_hw_build",
            "vitis_hw_run"
        ],
        "category": "canary"
    },
    "gui": false
}